68448,GATEWAY_STRATEGY
173346,GATEWAY_STRATEGY
177736,CORE_STRATEGY
302260,KIDS_FAMILIES
357563,GATEWAY_STRATEGY
17329,KIDS_FAMILIES
67877,PARTY_ICEBREAKERS
69789,GATEWAY_STRATEGY
230802,GATEWAY_STRATEGY
11,GATEWAY_STRATEGY
326243,KIDS_FAMILIES
283155,GATEWAY_STRATEGY
260605,PARTY_ICEBREAKERS
171131,COOP_ADVENTURE
822,GATEWAY_STRATEGY
263918,GATEWAY_STRATEGY
295947,GATEWAY_STRATEGY
13,GATEWAY_STRATEGY
432,PARTY_ICEBREAKERS
7,GATEWAY_STRATEGY
102794,CORE_STRATEGY
239188,COOP_ADVENTURE
205398,GATEWAY_STRATEGY
38391,KIDS_FAMILIES
178900,PARTY_ICEBREAKERS
5782,PARTY_ICEBREAKERS
147151,PARTY_ICEBREAKERS
119,PARTY_ICEBREAKERS
150376,COOP_ADVENTURE
193037,COOP_ADVENTURE
225694,PARTY_ICEBREAKERS
322708,COOP_ADVENTURE
39856,PARTY_ICEBREAKERS
40834,CORE_STRATEGY
370591,COOP_ADVENTURE
215311,GATEWAY_STRATEGY
300010,KIDS_FAMILIES
244916,KIDS_FAMILIES
264196,COOP_ADVENTURE
72125,CORE_STRATEGY
100423,COOP_ADVENTURE
204836,COOP_ADVENTURE
447244,PARTY_ICEBREAKERS
261720,GATEWAY_STRATEGY
157354,CORE_STRATEGY
236639,PARTY_ICEBREAKERS
420087,PARTY_ICEBREAKERS
261140,PARTY_ICEBREAKERS
334712,KIDS_FAMILIES
258,PARTY_ICEBREAKERS
172,PARTY_ICEBREAKERS
65244,COOP_ADVENTURE
296912,GATEWAY_STRATEGY
361840,COOP_ADVENTURE
176,PARTY_ICEBREAKERS
303929,KIDS_FAMILIES
174430,COOP_ADVENTURE
146765,PARTY_ICEBREAKERS
98778,COOP_ADVENTURE
366013,GATEWAY_STRATEGY
311322,PARTY_ICEBREAKERS
2655,GATEWAY_STRATEGY
180471,GATEWAY_STRATEGY
282524,COOP_ADVENTURE
302520,PARTY_ICEBREAKERS
358805,COOP_ADVENTURE
54043,GATEWAY_STRATEGY
8098,PARTY_ICEBREAKERS
254640,PARTY_ICEBREAKERS
22123,PARTY_ICEBREAKERS
300509,PARTY_ICEBREAKERS
70323,GATEWAY_STRATEGY
204583,GATEWAY_STRATEGY
281960,GATEWAY_STRATEGY
165722,KIDS_FAMILIES
124992,GATEWAY_STRATEGY
160851,GATEWAY_STRATEGY
29687,GATEWAY_STRATEGY
356033,CORE_STRATEGY
367829,PARTY_ICEBREAKERS
241266,GATEWAY_STRATEGY
277085,PARTY_ICEBREAKERS
383452,GATEWAY_STRATEGY
96848,CORE_STRATEGY
209778,COOP_ADVENTURE
152471,CORE_STRATEGY
205059,COOP_ADVENTURE
314491,GATEWAY_STRATEGY
193214,KIDS_FAMILIES
94486,KIDS_FAMILIES
269603,GATEWAY_STRATEGY
118,GATEWAY_STRATEGY
163413,CORE_STRATEGY
295486,GATEWAY_STRATEGY
171419,KIDS_FAMILIES
267314,KIDS_FAMILIES
191004,KIDS_FAMILIES
301767,COOP_ADVENTURE
167355,COOP_ADVENTURE
285125,CORE_STRATEGY
299574,KIDS_FAMILIES
12942,PARTY_ICEBREAKERS
383158,GATEWAY_STRATEGY
147241,GATEWAY_STRATEGY
172931,KIDS_FAMILIES
326264,GATEWAY_STRATEGY
266810,CORE_STRATEGY
30549,COOP_ADVENTURE
163412,GATEWAY_STRATEGY
272889,PARTY_ICEBREAKERS
365104,GATEWAY_STRATEGY
274960,PARTY_ICEBREAKERS
2651,CORE_STRATEGY
1419,CORE_STRATEGY
254386,GATEWAY_STRATEGY
28143,CORE_STRATEGY
124918,GATEWAY_STRATEGY
351040,PARTY_ICEBREAKERS
307002,COOP_ADVENTURE
91514,KIDS_FAMILIES
66056,GATEWAY_STRATEGY
634,GATEWAY_STRATEGY
18,CORE_STRATEGY
379644,GATEWAY_STRATEGY
811,GATEWAY_STRATEGY
9220,GATEWAY_STRATEGY
169786,CORE_STRATEGY
367220,PARTY_ICEBREAKERS
2375,PARTY_ICEBREAKERS
298638,PARTY_ICEBREAKERS
92415,PARTY_ICEBREAKERS
373106,COOP_ADVENTURE
338960,COOP_ADVENTURE
38453,COOP_ADVENTURE
148228,GATEWAY_STRATEGY
63268,KIDS_FAMILIES
444481,COOP_ADVENTURE
192291,PARTY_ICEBREAKERS
302463,PARTY_ICEBREAKERS
244522,PARTY_ICEBREAKERS
286063,COOP_ADVENTURE
180263,COOP_ADVENTURE
324856,COOP_ADVENTURE
429293,COOP_ADVENTURE
221965,GATEWAY_STRATEGY
288169,COOP_ADVENTURE
172307,KIDS_FAMILIES
411567,PARTY_ICEBREAKERS
287174,COOP_ADVENTURE
244992,PARTY_ICEBREAKERS
371942,CORE_STRATEGY
423789,PARTY_ICEBREAKERS
503,GATEWAY_STRATEGY
215,PARTY_ICEBREAKERS
14996,GATEWAY_STRATEGY
205125,KIDS_FAMILIES
295192,KIDS_FAMILIES
16992,PARTY_ICEBREAKERS
233078,CORE_STRATEGY
12333,CORE_STRATEGY
374447,PARTY_ICEBREAKERS
391995,COOP_ADVENTURE
2223,PARTY_ICEBREAKERS
399088,PARTY_ICEBREAKERS
183394,CORE_STRATEGY
262543,PARTY_ICEBREAKERS
232405,CORE_STRATEGY
266192,CORE_STRATEGY
366161,CORE_STRATEGY
315624,PARTY_ICEBREAKERS
163602,COOP_ADVENTURE
62871,PARTY_ICEBREAKERS
256952,KIDS_FAMILIES
